,,"warning","[[""rx::vk::CommandBufferHelper::bufferWrite""|""relative:///src/libANGLE/renderer/vulkan/vk_helpers.cpp:1024:6:1024:37""]]. used by [[""rx::ContextVk::drawArrays""|""relative:///src/libANGLE/renderer/vulkan/ContextVk.cpp:2498:15:2498:35""]].
[[""rx::vk::CommandBufferHelper::bufferWrite""|""relative:///src/libANGLE/renderer/vulkan/vk_helpers.cpp:1024:6:1024:37""]]. used by [[""rx::ContextVk::drawArraysInstanced""|""relative:///src/libANGLE/renderer/vulkan/ContextVk.cpp:2522:15:2522:44""]].
[[""rx::vk::CommandBufferHelper::bufferWrite""|""relative:///src/libANGLE/renderer/vulkan/vk_helpers.cpp:1024:6:1024:37""]]. used by [[""rx::ContextVk::drawArraysInstancedBaseInstance""|""relative:///src/libANGLE/renderer/vulkan/ContextVk.cpp:2545:15:2545:56""]].
[[""rx::vk::CommandBufferHelper::bufferWrite""|""relative:///src/libANGLE/renderer/vulkan/vk_helpers.cpp:1024:6:1024:37""]]. used by [[""rx::ContextVk::drawElements""|""relative:///src/libANGLE/renderer/vulkan/ContextVk.cpp:2570:15:2570:37""]].
[[""rx::vk::CommandBufferHelper::bufferWrite""|""relative:///src/libANGLE/renderer/vulkan/vk_helpers.cpp:1024:6:1024:37""]]. used by [[""rx::ContextVk::drawElementsBaseVertex""|""relative:///src/libANGLE/renderer/vulkan/ContextVk.cpp:2591:15:2591:47""]].
[[""rx::vk::CommandBufferHelper::bufferWrite""|""relative:///src/libANGLE/renderer/vulkan/vk_helpers.cpp:1024:6:1024:37""]]. used by [[""rx::ContextVk::drawElementsInstanced""|""relative:///src/libANGLE/renderer/vulkan/ContextVk.cpp:2613:15:2613:46""]].
[[""rx::vk::CommandBufferHelper::bufferWrite""|""relative:///src/libANGLE/renderer/vulkan/vk_helpers.cpp:1024:6:1024:37""]]. used by [[""rx::ContextVk::drawElementsInstancedBaseVertex""|""relative:///src/libANGLE/renderer/vulkan/ContextVk.cpp:2635:15:2635:56""]].
[[""rx::vk::CommandBufferHelper::bufferWrite""|""relative:///src/libANGLE/renderer/vulkan/vk_helpers.cpp:1024:6:1024:37""]]. used by [[""rx::ContextVk::drawElementsInstancedBaseVertexBaseInstance""|""relative:///src/libANGLE/renderer/vulkan/ContextVk.cpp:2658:15:2658:68""]].
[[""rx::vk::CommandBufferHelper::bufferWrite""|""relative:///src/libANGLE/renderer/vulkan/vk_helpers.cpp:1024:6:1024:37""]]. used by [[""rx::ContextVk::drawRangeElements""|""relative:///src/libANGLE/renderer/vulkan/ContextVk.cpp:2682:15:2682:42""]].
[[""rx::vk::CommandBufferHelper::bufferWrite""|""relative:///src/libANGLE/renderer/vulkan/vk_helpers.cpp:1024:6:1024:37""]]. used by [[""rx::ContextVk::drawRangeElementsBaseVertex""|""relative:///src/libANGLE/renderer/vulkan/ContextVk.cpp:2693:15:2693:52""]].
[[""rx::vk::CommandBufferHelper::bufferWrite""|""relative:///src/libANGLE/renderer/vulkan/vk_helpers.cpp:1024:6:1024:37""]]. used by [[""rx::ContextVk::drawArraysIndirect""|""relative:///src/libANGLE/renderer/vulkan/ContextVk.cpp:2710:15:2710:43""]].
[[""rx::vk::CommandBufferHelper::bufferWrite""|""relative:///src/libANGLE/renderer/vulkan/vk_helpers.cpp:1024:6:1024:37""]]. used by [[""rx::ContextVk::drawElementsIndirect""|""relative:///src/libANGLE/renderer/vulkan/ContextVk.cpp:2762:15:2762:45""]].
[[""rx::vk::CommandBufferHelper::bufferWrite""|""relative:///src/libANGLE/renderer/vulkan/vk_helpers.cpp:1024:6:1024:37""]]. used by [[""rx::FramebufferVk::readPixels""|""relative:///src/libANGLE/renderer/vulkan/FramebufferVk.cpp:719:15:719:39""]].
[[""rx::vk::CommandBufferHelper::bufferWrite""|""relative:///src/libANGLE/renderer/vulkan/vk_helpers.cpp:1024:6:1024:37""]]. used by [[""rx::FramebufferVk::clearBufferfi""|""relative:///src/libANGLE/renderer/vulkan/FramebufferVk.cpp:694:15:694:42""]].
[[""rx::vk::CommandBufferHelper::bufferWrite""|""relative:///src/libANGLE/renderer/vulkan/vk_helpers.cpp:1024:6:1024:37""]]. used by [[""rx::FramebufferVk::clearBufferiv""|""relative:///src/libANGLE/renderer/vulkan/FramebufferVk.cpp:666:15:666:42""]].
[[""rx::vk::CommandBufferHelper::bufferWrite""|""relative:///src/libANGLE/renderer/vulkan/vk_helpers.cpp:1024:6:1024:37""]]. used by [[""rx::FramebufferVk::clearBufferuiv""|""relative:///src/libANGLE/renderer/vulkan/FramebufferVk.cpp:647:15:647:43""]].
[[""rx::vk::CommandBufferHelper::bufferWrite""|""relative:///src/libANGLE/renderer/vulkan/vk_helpers.cpp:1024:6:1024:37""]]. used by [[""rx::FramebufferVk::clearBufferfv""|""relative:///src/libANGLE/renderer/vulkan/FramebufferVk.cpp:619:15:619:42""]].
[[""rx::vk::CommandBufferHelper::bufferWrite""|""relative:///src/libANGLE/renderer/vulkan/vk_helpers.cpp:1024:6:1024:37""]]. used by [[""rx::FramebufferVk::clear""|""relative:///src/libANGLE/renderer/vulkan/FramebufferVk.cpp:428:15:428:34""]].
[[""rx::vk::CommandBufferHelper::bufferWrite""|""relative:///src/libANGLE/renderer/vulkan/vk_helpers.cpp:1024:6:1024:37""]]. used by [[""rx::QueryVk::queryCounter""|""relative:///src/libANGLE/renderer/vulkan/QueryVk.cpp:418:15:418:35""]].
[[""rx::vk::CommandBufferHelper::bufferWrite""|""relative:///src/libANGLE/renderer/vulkan/vk_helpers.cpp:1024:6:1024:37""]]. used by [[""rx::UtilsVk::generateMipmap""|""relative:///src/libANGLE/renderer/vulkan/UtilsVk.cpp:3110:15:3110:37""]].
[[""rx::vk::CommandBufferHelper::bufferWrite""|""relative:///src/libANGLE/renderer/vulkan/vk_helpers.cpp:1024:6:1024:37""]]. used by [[""rx::RenderbufferVk::getRenderbufferImage""|""relative:///src/libANGLE/renderer/vulkan/RenderbufferVk.cpp:321:15:321:50""]].
[[""rx::vk::CommandBufferHelper::bufferWrite""|""relative:///src/libANGLE/renderer/vulkan/vk_helpers.cpp:1024:6:1024:37""]]. used by [[""rx::TextureVk::getTexImage""|""relative:///src/libANGLE/renderer/vulkan/TextureVk.cpp:3148:15:3148:36""]].
[[""rx::vk::CommandBufferHelper::bufferWrite""|""relative:///src/libANGLE/renderer/vulkan/vk_helpers.cpp:1024:6:1024:37""]]. used by [[""rx::TextureVk::generateMipmap""|""relative:///src/libANGLE/renderer/vulkan/TextureVk.cpp:1897:15:1897:39""]].
[[""rx::vk::CommandBufferHelper::bufferWrite""|""relative:///src/libANGLE/renderer/vulkan/vk_helpers.cpp:1024:6:1024:37""]]. used by [[""rx::TextureVk::copySubTexture""|""relative:///src/libANGLE/renderer/vulkan/TextureVk.cpp:623:15:623:39""]].
[[""rx::vk::CommandBufferHelper::bufferWrite""|""relative:///src/libANGLE/renderer/vulkan/vk_helpers.cpp:1024:6:1024:37""]]. used by [[""rx::TextureVk::copyTexture""|""relative:///src/libANGLE/renderer/vulkan/TextureVk.cpp:596:15:596:36""]].","/src/libANGLE/renderer/vulkan/vk_helpers.cpp","1024","6","1024","37"
